{
  "Author": "Prittoto Pritto",
  "Name": "Prittoto Pritto's Tracery Plugin",
  "InternalName": "TraceryPlugin",
  "AssemblyVersion": "1.0.0.1",
  "Description": "/Trace to bring up the UI or give it a string to flatten. See Tracery.io for more on what it can do.",
  "ApplicableVersion": "any",
  "Tags": [
    "social",
    "chat"
  ],
  "DalamudApiLevel": 9,
  "LoadRequiredState": 0,
  "LoadSync": false,
  "CanUnloadAsync": false,
  "LoadPriority": 0,
  "IconUrl": "https://ffxiv.gamerescape.com/w/images/9/97/Little_Flirt_Icon.png",
  "Punchline": "Tracery support for FF14!",
  "AcceptsFeedback": true
}